scenario,year,mean_priority,mean_pm25_exceed_prob,mean_o3_exceed_prob,mean_smoke_fraction,mean_monitoring_gap
fast_transport_electrification,2035,0.20411564093153822,0.036510509462020904,0.03237744826833525,0.14383836300782427,0.513627747546757
fast_transport_electrification,2050,0.20893948685916863,0.049414654444660894,0.04874194050114703,0.1686051314566964,0.5168537837924169
high_wildfire_heat,2035,0.22115942332254632,0.05157208876874509,0.03037091712342744,0.1613856161666709,0.517393142373438
high_wildfire_heat,2050,0.24321161530210075,0.08686094952582481,0.04263090652030058,0.19762714882709523,0.5262153575627079
moderate_transition,2035,0.20845275976354982,0.03780397613778526,0.028409263945200578,0.14203968190753416,0.5139511142156981
moderate_transition,2050,0.21565489821883937,0.0521426268372321,0.04128574177018591,0.165484186295667,0.5175357768905597
